Full File Path,File Name,Project Number,File Extension,File Size (bytes),Modification Date,Revision Number,Project Folder Name
"/mnt/e/emittiv/emittiv/01 Projects/00 Inactive/22-96601 Dammam Waterpark/02 Proposal/e-22-96601-FP-01 Pricing.xlsx","e-22-96601-FP-01 Pricing.xlsx","22-96601","xlsx","12240","2022-10-11 13:13:17","01","22-96601 Dammam Waterpark"
"/mnt/e/emittiv/emittiv/01 Projects/00 Inactive/22-96601 Dammam Waterpark/02 Proposal/e-22-96601-FP-01.indd","e-22-96601-FP-01.indd","22-96601","indd","2547712","2022-08-30 07:11:58","01","22-96601 Dammam Waterpark"
"/mnt/e/emittiv/emittiv/01 Projects/00 Inactive/22-96601 Dammam Waterpark/02 Proposal/e-22-96601-FP-01.pdf","e-22-96601-FP-01.pdf","22-96601","pdf","209681","2022-08-30 07:10:30","01","22-96601 Dammam Waterpark"
"/mnt/e/emittiv/emittiv/01 Projects/00 Inactive/22-96601 Dammam Waterpark/02 Proposal/e-yy-cccnn-FP-01_old.indd","e-yy-cccnn-FP-01_old.indd","22-96601","indd","2719744","2022-08-13 14:23:41","01","22-96601 Dammam Waterpark"
"/mnt/e/emittiv/emittiv/01 Projects/00 Inactive/22-97111 TPF Sound System/02 Proposal/e-22-97111-FP-01 - signed.pdf","e-22-97111-FP-01 - signed.pdf","22-97111","pdf","166367","2022-07-29 14:55:30","01","22-97111 TPF Sound System"
"/mnt/e/emittiv/emittiv/01 Projects/00 Inactive/22-97111 TPF Sound System/02 Proposal/e-22-97111-FP-01.indd","e-22-97111-FP-01.indd","22-97111","indd","2723840","2022-07-29 14:22:54","01","22-97111 TPF Sound System"
"/mnt/e/emittiv/emittiv/01 Projects/00 Inactive/22-97111 TPF Sound System/02 Proposal/e-22-97111-FP-01.pdf","e-22-97111-FP-01.pdf","22-97111","pdf","161084","2022-07-29 14:23:11","01","22-97111 TPF Sound System"
"/mnt/e/emittiv/emittiv/01 Projects/00 Inactive/22-97111 TPF Sound System/02 Proposal/Pricing.xlsx","Pricing.xlsx","22-97111","xlsx","11311","2022-07-29 12:54:38","","22-97111 TPF Sound System"
"/mnt/e/emittiv/emittiv/01 Projects/00 Inactive/22-97112 The View Exp Ctr/02 Proposal/e-22-97112-FP-01 - signed.pdf","e-22-97112-FP-01 - signed.pdf","22-97112","pdf","157047","2022-07-29 14:55:30","01","22-97112 The View Exp Ctr"
"/mnt/e/emittiv/emittiv/01 Projects/00 Inactive/22-97112 The View Exp Ctr/02 Proposal/e-22-97112-FP-01.indd","e-22-97112-FP-01.indd","22-97112","indd","2723840","2022-07-29 14:25:33","01","22-97112 The View Exp Ctr"
"/mnt/e/emittiv/emittiv/01 Projects/00 Inactive/22-97112 The View Exp Ctr/02 Proposal/e-22-97112-FP-01.pdf","e-22-97112-FP-01.pdf","22-97112","pdf","147875","2022-07-29 14:25:56","01","22-97112 The View Exp Ctr"
"/mnt/e/emittiv/emittiv/01 Projects/00 Inactive/22-97112 The View Exp Ctr/02 Proposal/Pricing.xlsx","Pricing.xlsx","22-97112","xlsx","11385","2022-07-29 14:08:50","","22-97112 The View Exp Ctr"
"/mnt/e/emittiv/emittiv/01 Projects/00 Inactive/22-97114 HoH/02 Proposal/e-22-97114-FP-01.indd","e-22-97114-FP-01.indd","22-97114","indd","2473984","2022-12-07 16:50:06","01","22-97114 HoH"
"/mnt/e/emittiv/emittiv/01 Projects/00 Inactive/22-97114 HoH/02 Proposal/e-22-97114-FP-01.pdf","e-22-97114-FP-01.pdf","22-97114","pdf","187333","2022-12-07 16:50:42","01","22-97114 HoH"
"/mnt/e/emittiv/emittiv/01 Projects/00 Inactive/22-97114 HoH/02 Proposal/Pricing.xlsx","Pricing.xlsx","22-97114","xlsx","11565","2022-12-07 17:00:28","","22-97114 HoH"
"/mnt/e/emittiv/emittiv/01 Projects/00 Inactive/22-97115 Kids Activity Park AUH/02 Proposal/00 Archive/e-22-97115-FP-01.indd","e-22-97115-FP-01.indd","22-97115","indd","2342912","2022-12-23 13:30:55","01","22-97115 Kids Activity Park AUH"
"/mnt/e/emittiv/emittiv/01 Projects/00 Inactive/22-97115 Kids Activity Park AUH/02 Proposal/00 Archive/e-22-97115-FP-01.pdf","e-22-97115-FP-01.pdf","22-97115","pdf","102908","2022-12-23 13:33:00","01","22-97115 Kids Activity Park AUH"
"/mnt/e/emittiv/emittiv/01 Projects/00 Inactive/22-97115 Kids Activity Park AUH/02 Proposal/e-22-97115-FP-01 Pricing.xlsx","e-22-97115-FP-01 Pricing.xlsx","22-97115","xlsx","11825","2022-12-23 13:25:47","01","22-97115 Kids Activity Park AUH"
"/mnt/e/emittiv/emittiv/01 Projects/00 Inactive/22-97115 Kids Activity Park AUH/02 Proposal/e-22-97115-FP-02.indd","e-22-97115-FP-02.indd","22-97115","indd","2347008","2023-03-08 05:50:47","02","22-97115 Kids Activity Park AUH"
"/mnt/e/emittiv/emittiv/01 Projects/00 Inactive/22-97115 Kids Activity Park AUH/02 Proposal/e-22-97115-FP-02.pdf","e-22-97115-FP-02.pdf","22-97115","pdf","138654","2023-03-08 05:52:31","02","22-97115 Kids Activity Park AUH"
"/mnt/e/emittiv/emittiv/01 Projects/00 Inactive/22-97115 Kids Activity Park AUH/02 Proposal/Pricing.xlsx","Pricing.xlsx","22-97115","xlsx","11249","2021-10-16 15:15:46","","22-97115 Kids Activity Park AUH"
"/mnt/e/emittiv/emittiv/01 Projects/00 Inactive/23-96601 Dammam Adv World/02 Proposal/e-23-96601-FP-01 Pricing.xlsx","e-23-96601-FP-01 Pricing.xlsx","23-96601","xlsx","12086","2022-12-22 17:24:34","01","23-96601 Dammam Adv World"
"/mnt/e/emittiv/emittiv/01 Projects/00 Inactive/23-96601 Dammam Adv World/02 Proposal/e-23-96601-FP-01.indd","e-23-96601-FP-01.indd","23-96601","indd","2314240","2023-03-24 07:14:43","01","23-96601 Dammam Adv World"
"/mnt/e/emittiv/emittiv/01 Projects/00 Inactive/23-96601 Dammam Adv World/02 Proposal/e-23-96601-FP-01.pdf","e-23-96601-FP-01.pdf","23-96601","pdf","138100","2023-03-24 07:17:06","01","23-96601 Dammam Adv World"
"/mnt/e/emittiv/emittiv/01 Projects/00 Inactive/23-96602 Shoot the Chute/01 Client Info/01 Pre Award/01 RFP/RFP - Ride concept & design for the ride experience.pdf","RFP - Ride concept & design for the ride experience.pdf","23-96602","pdf","580613","2023-03-24 11:25:42","01","23-96602 Shoot the Chute"
"/mnt/e/emittiv/emittiv/01 Projects/00 Inactive/23-96602 Shoot the Chute/01 Client Info/01 Pre Award/02 Info Pack/Shoot The Cute Interlink Ride/RFP - Ride concept & design for the ride experience.pdf","RFP - Ride concept & design for the ride experience.pdf","23-96602","pdf","580613","2023-04-03 06:56:57","01","23-96602 Shoot the Chute"
"/mnt/e/emittiv/emittiv/01 Projects/00 Inactive/23-96602 Shoot the Chute/02 Proposal/e-23-96602-FP-01 Pricing.xlsx","e-23-96602-FP-01 Pricing.xlsx","23-96602","xlsx","11961","2023-04-03 07:38:53","01","23-96602 Shoot the Chute"
"/mnt/e/emittiv/emittiv/01 Projects/00 Inactive/23-96602 Shoot the Chute/02 Proposal/e-23-96602-FP-01.indd","e-23-96602-FP-01.indd","23-96602","indd","2404352","2023-04-03 07:26:23","01","23-96602 Shoot the Chute"
"/mnt/e/emittiv/emittiv/01 Projects/00 Inactive/23-96602 Shoot the Chute/02 Proposal/e-23-96602-FP-01.pdf","e-23-96602-FP-01.pdf","23-96602","pdf","147717","2023-04-03 07:28:44","01","23-96602 Shoot the Chute"
"/mnt/e/emittiv/emittiv/01 Projects/00 Inactive/23-96603 Khobar Grand Mosque/02 Proposal/e-23-96603-FP-01 Pricing.xlsx","e-23-96603-FP-01 Pricing.xlsx","23-96603","xlsx","11927","2023-05-02 09:07:17","01","23-96603 Khobar Grand Mosque"
"/mnt/e/emittiv/emittiv/01 Projects/00 Inactive/23-96603 Khobar Grand Mosque/02 Proposal/e-23-96603-FP-01.indd","e-23-96603-FP-01.indd","23-96603","indd","2355200","2023-05-02 09:07:22","01","23-96603 Khobar Grand Mosque"
"/mnt/e/emittiv/emittiv/01 Projects/00 Inactive/23-96603 Khobar Grand Mosque/02 Proposal/e-23-96603-FP-01.pdf","e-23-96603-FP-01.pdf","23-96603","pdf","145376","2023-05-02 09:07:55","01","23-96603 Khobar Grand Mosque"
"/mnt/e/emittiv/emittiv/01 Projects/00 Inactive/23-96604 DockX/02 Proposal/23-96604 Pricing.xlsx","23-96604 Pricing.xlsx","23-96604","xlsx","13301","2023-05-08 14:35:18","","23-96604 DockX"
"/mnt/e/emittiv/emittiv/01 Projects/00 Inactive/23-96604 DockX/02 Proposal/e-23-96604-FP-01.indd","e-23-96604-FP-01.indd","23-96604","indd","2351104","2023-05-08 14:14:19","01","23-96604 DockX"
"/mnt/e/emittiv/emittiv/01 Projects/00 Inactive/23-96604 DockX/02 Proposal/e-23-96604-FP-01.pdf","e-23-96604-FP-01.pdf","23-96604","pdf","196523","2023-05-08 14:15:05","01","23-96604 DockX"
"/mnt/e/emittiv/emittiv/01 Projects/00 Inactive/23-96605 Jumpoline/02 Proposal/23-96605 Pricing.xlsx","23-96605 Pricing.xlsx","23-96605","xlsx","13374","2023-05-08 14:35:14","","23-96605 Jumpoline"
"/mnt/e/emittiv/emittiv/01 Projects/00 Inactive/23-96605 Jumpoline/02 Proposal/e-23-96605-FP-01.indd","e-23-96605-FP-01.indd","23-96605","indd","2326528","2023-05-08 14:34:19","01","23-96605 Jumpoline"
"/mnt/e/emittiv/emittiv/01 Projects/00 Inactive/23-96605 Jumpoline/02 Proposal/e-23-96605-FP-01.pdf","e-23-96605-FP-01.pdf","23-96605","pdf","196172","2023-05-08 14:34:45","01","23-96605 Jumpoline"
"/mnt/e/emittiv/emittiv/01 Projects/00 Inactive/23-96607 HOH KSA/02 Proposal/e-23-96607-FP-01 Pricing.xlsx","e-23-96607-FP-01 Pricing.xlsx","23-96607","xlsx","12576","2023-07-26 12:57:34","01","23-96607 HOH KSA"
"/mnt/e/emittiv/emittiv/01 Projects/00 Inactive/23-96607 HOH KSA/02 Proposal/e-23-96607-FP-01.indd","e-23-96607-FP-01.indd","23-96607","indd","2437120","2023-07-26 13:11:46","01","23-96607 HOH KSA"
"/mnt/e/emittiv/emittiv/01 Projects/00 Inactive/23-96607 HOH KSA/02 Proposal/e-23-96607-FP-01.pdf","e-23-96607-FP-01.pdf","23-96607","pdf","160253","2023-07-26 13:14:15","01","23-96607 HOH KSA"
"/mnt/e/emittiv/emittiv/01 Projects/00 Inactive/23-96608 D10 Prefab/01 Client Info/01 Pre Award/1417 - RAM District 10 Modular Concrete/D10_ Prototype RFP-Final.pdf","D10_ Prototype RFP-Final.pdf","23-96608","pdf","6688158","2023-09-14 16:58:48","01","23-96608 D10 Prefab"
"/mnt/e/emittiv/emittiv/01 Projects/00 Inactive/23-96608 D10 Prefab/01 Client Info/01 Pre Award/1417 - RAM District 10 Modular Concrete/Q&A - RFP for D-10 Design Consultancy Moduloar PPVC-DEV-RAM-P100-RFP129-23.xlsx","Q&A - RFP for D-10 Design Consultancy Moduloar PPVC-DEV-RAM-P100-RFP129-23.xlsx","23-96608","xlsx","92825","2023-09-14 16:58:47","01","23-96608 D10 Prefab"
"/mnt/e/emittiv/emittiv/01 Projects/00 Inactive/23-96608 D10 Prefab/02 Proposal/e-yy-cccnn-FP-01.indd","e-yy-cccnn-FP-01.indd","23-96608","indd","2387968","2023-10-31 23:20:12","01","23-96608 D10 Prefab"
"/mnt/e/emittiv/emittiv/01 Projects/00 Inactive/23-96608 D10 Prefab/02 Proposal/e-yy-nnnn-FP-01 Pricing.xlsx","e-yy-nnnn-FP-01 Pricing.xlsx","23-96608","xlsx","11864","2023-06-05 06:02:02","01","23-96608 D10 Prefab"
"/mnt/e/emittiv/emittiv/01 Projects/00 Inactive/23-97101 Marina Island/01 Client Info/01 Pre Award/RFP_Proposed Marina Island Financial District Construction.pdf","RFP_Proposed Marina Island Financial District Construction.pdf","23-97101","pdf","453307","2023-01-02 06:38:43","01","23-97101 Marina Island"
"/mnt/e/emittiv/emittiv/01 Projects/00 Inactive/23-97101 Marina Island/02 Proposal/e-23-97101-FP-01 Pricing.xlsx","e-23-97101-FP-01 Pricing.xlsx","23-97101","xlsx","12330","2023-01-02 11:17:16","01","23-97101 Marina Island"
"/mnt/e/emittiv/emittiv/01 Projects/00 Inactive/23-97101 Marina Island/02 Proposal/e-23-97101-FP-01.indd","e-23-97101-FP-01.indd","23-97101","indd","2412544","2023-01-02 11:24:21","01","23-97101 Marina Island"
"/mnt/e/emittiv/emittiv/01 Projects/00 Inactive/23-97101 Marina Island/02 Proposal/e-23-97101-FP-01.pdf","e-23-97101-FP-01.pdf","23-97101","pdf","128613","2023-01-02 11:23:58","01","23-97101 Marina Island"
"/mnt/e/emittiv/emittiv/01 Projects/00 Inactive/23-97101 Marina Island/02 Proposal/Pricing.xlsx","Pricing.xlsx","23-97101","xlsx","11276","2023-01-02 07:18:47","","23-97101 Marina Island"
"/mnt/e/emittiv/emittiv/01 Projects/00 Inactive/23-97102 Wynn/01 Client Info/01 Pre Award/Wynn Marjan Island - RFP A&A- Emittiv - Sent.pdf","Wynn Marjan Island - RFP A&A- Emittiv - Sent.pdf","23-97102","pdf","141066","2022-12-28 09:20:40","01","23-97102 Wynn"
"/mnt/e/emittiv/emittiv/01 Projects/00 Inactive/23-97102 Wynn/01 Client Info/01 Pre Award/Wynn Marjan Island - RFP A&A- Emittiv.pdf","Wynn Marjan Island - RFP A&A- Emittiv.pdf","23-97102","pdf","145756","2023-01-03 14:53:48","01","23-97102 Wynn"
"/mnt/e/emittiv/emittiv/01 Projects/00 Inactive/23-97102 Wynn/01 Client Info/01 Pre Award/Wynn Marjan Island - RFP A&A_Exhibits.pdf","Wynn Marjan Island - RFP A&A_Exhibits.pdf","23-97102","pdf","5239708","2023-01-03 14:53:48","01","23-97102 Wynn"
"/mnt/e/emittiv/emittiv/01 Projects/00 Inactive/23-97102 Wynn/01 Client Info/01 Pre Award/Wynn Marjan Island - RFP Ext Lighting_Exhibits.pdf","Wynn Marjan Island - RFP Ext Lighting_Exhibits.pdf","23-97102","pdf","4612808","2023-02-12 12:17:03","01","23-97102 Wynn"
"/mnt/e/emittiv/emittiv/01 Projects/00 Inactive/23-97102 Wynn/01 Client Info/01 Pre Award/Wynn Marjan Island - RFP Exterior Lighting - EMITTIV.pdf","Wynn Marjan Island - RFP Exterior Lighting - EMITTIV.pdf","23-97102","pdf","152884","2023-02-12 12:17:03","01","23-97102 Wynn"
"/mnt/e/emittiv/emittiv/01 Projects/00 Inactive/23-97102 Wynn/02 Proposal/e-23-97102-AA-FP-01 Pricing.xlsx","e-23-97102-AA-FP-01 Pricing.xlsx","23-97102","xlsx","13244","2023-01-19 09:15:06","01","23-97102 Wynn"
"/mnt/e/emittiv/emittiv/01 Projects/00 Inactive/23-97102 Wynn/02 Proposal/e-23-97102-AA-FP-01.indd","e-23-97102-AA-FP-01.indd","23-97102","indd","2768896","2023-01-19 09:29:07","01","23-97102 Wynn"
"/mnt/e/emittiv/emittiv/01 Projects/00 Inactive/23-97102 Wynn/02 Proposal/e-23-97102-AA-FP-01.pdf","e-23-97102-AA-FP-01.pdf","23-97102","pdf","274754","2023-01-19 09:29:57","01","23-97102 Wynn"
"/mnt/e/emittiv/emittiv/01 Projects/00 Inactive/23-97102 Wynn/02 Proposal/e-23-97102-EL-FP-01 Pricing.xlsx","e-23-97102-EL-FP-01 Pricing.xlsx","23-97102","xlsx","13002","2023-02-14 13:12:05","01","23-97102 Wynn"
"/mnt/e/emittiv/emittiv/01 Projects/00 Inactive/23-97102 Wynn/02 Proposal/e-23-97102-EL-FP-01.indd","e-23-97102-EL-FP-01.indd","23-97102","indd","3624960","2023-02-14 13:06:37","01","23-97102 Wynn"
"/mnt/e/emittiv/emittiv/01 Projects/00 Inactive/23-97102 Wynn/02 Proposal/e-23-97102-EL-FP-01.pdf","e-23-97102-EL-FP-01.pdf","23-97102","pdf","719593","2023-02-14 13:11:09","01","23-97102 Wynn"
"/mnt/e/emittiv/emittiv/01 Projects/00 Inactive/23-97103 Dubai Safari/02 Proposal/e-yy-cccnn-FP-01.indd","e-yy-cccnn-FP-01.indd","23-97103","indd","2301952","2022-11-03 08:00:50","01","23-97103 Dubai Safari"
"/mnt/e/emittiv/emittiv/01 Projects/00 Inactive/23-97103 Dubai Safari/02 Proposal/e-yy-nnnn-FP-01 Pricing.xlsx","e-yy-nnnn-FP-01 Pricing.xlsx","23-97103","xlsx","12086","2022-12-22 17:24:34","01","23-97103 Dubai Safari"
"/mnt/e/emittiv/emittiv/01 Projects/00 Inactive/23-97104 Fountain Redesign/01 Client Info/01 Pre Award/Tender Documents (DMS 149227)/1208 RFP to Long Form Consultancy Services Agreement (DMS 149227).pdf","1208 RFP to Long Form Consultancy Services Agreement (DMS 149227).pdf","23-97104","pdf","188178","2023-05-04 14:50:23","01","23-97104 Fountain Redesign"
"/mnt/e/emittiv/emittiv/01 Projects/00 Inactive/23-97104 Fountain Redesign/02 Proposal/e-23-97104-FP-01 Pricing.xlsx","e-23-97104-FP-01 Pricing.xlsx","23-97104","xlsx","12086","2022-12-22 17:24:34","01","23-97104 Fountain Redesign"
"/mnt/e/emittiv/emittiv/01 Projects/00 Inactive/23-97104 Fountain Redesign/02 Proposal/e-23-97104-FP-01.indd","e-23-97104-FP-01.indd","23-97104","indd","2301952","2022-11-03 08:00:50","01","23-97104 Fountain Redesign"
"/mnt/e/emittiv/emittiv/01 Projects/00 Inactive/23-97105 Tape Theatre/02 Proposal/00 Archive/e-23-97105-FP-01-AH comments.pdf","e-23-97105-FP-01-AH comments.pdf","23-97105","pdf","174686","2023-05-23 19:04:42","01","23-97105 Tape Theatre"
"/mnt/e/emittiv/emittiv/01 Projects/00 Inactive/23-97105 Tape Theatre/02 Proposal/e-23-97105-FP-01 Pricing.xlsx","e-23-97105-FP-01 Pricing.xlsx","23-97105","xlsx","11695","2023-05-24 06:33:52","01","23-97105 Tape Theatre"
"/mnt/e/emittiv/emittiv/01 Projects/00 Inactive/23-97105 Tape Theatre/02 Proposal/e-23-97105-FP-01.indd","e-23-97105-FP-01.indd","23-97105","indd","2383872","2023-05-24 06:30:33","01","23-97105 Tape Theatre"
"/mnt/e/emittiv/emittiv/01 Projects/00 Inactive/23-97105 Tape Theatre/02 Proposal/e-23-97105-FP-01.pdf","e-23-97105-FP-01.pdf","23-97105","pdf","201491","2023-05-24 06:30:54","01","23-97105 Tape Theatre"
"/mnt/e/emittiv/emittiv/01 Projects/00 Inactive/23-97106 Fountain Control/02 Proposal/23-97106-FP-01 Pricing.xlsx","23-97106-FP-01 Pricing.xlsx","23-97106","xlsx","12951","2023-06-09 10:25:36","01","23-97106 Fountain Control"
"/mnt/e/emittiv/emittiv/01 Projects/00 Inactive/23-97106 Fountain Control/02 Proposal/23-97106-FP-01.indd","23-97106-FP-01.indd","23-97106","indd","2633728","2023-06-09 12:19:15","01","23-97106 Fountain Control"
"/mnt/e/emittiv/emittiv/01 Projects/00 Inactive/23-97106 Fountain Control/02 Proposal/23-97106-FP-01.pdf","23-97106-FP-01.pdf","23-97106","pdf","329864","2023-06-09 12:24:55","01","23-97106 Fountain Control"
"/mnt/e/emittiv/emittiv/01 Projects/00 Inactive/23-97107 DAFZA Refurb/02 Proposal/e-23-97107-FP-01 Pricing.xlsx","e-23-97107-FP-01 Pricing.xlsx","23-97107","xlsx","11982","2023-06-21 15:49:22","01","23-97107 DAFZA Refurb"
"/mnt/e/emittiv/emittiv/01 Projects/00 Inactive/23-97107 DAFZA Refurb/02 Proposal/e-23-97107-FP-01.indd","e-23-97107-FP-01.indd","23-97107","indd","2367488","2023-06-21 15:52:28","01","23-97107 DAFZA Refurb"
"/mnt/e/emittiv/emittiv/01 Projects/00 Inactive/23-97107 DAFZA Refurb/02 Proposal/e-23-97107-FP-01.pdf","e-23-97107-FP-01.pdf","23-97107","pdf","145567","2023-06-21 15:54:21","01","23-97107 DAFZA Refurb"
"/mnt/e/emittiv/emittiv/01 Projects/00 Inactive/23-97108 Ciel Lobby/02 Proposal/00 Archive/e-23-97108-FP-01 Pricing.xlsx","e-23-97108-FP-01 Pricing.xlsx","23-97108","xlsx","11926","2023-10-23 15:12:16","01","23-97108 Ciel Lobby"
"/mnt/e/emittiv/emittiv/01 Projects/00 Inactive/23-97108 Ciel Lobby/02 Proposal/00 Archive/e-23-97108-FP-01.indd","e-23-97108-FP-01.indd","23-97108","indd","1843200","2023-10-23 15:16:21","01","23-97108 Ciel Lobby"
"/mnt/e/emittiv/emittiv/01 Projects/00 Inactive/23-97108 Ciel Lobby/02 Proposal/00 Archive/e-23-97108-FP-01.pdf","e-23-97108-FP-01.pdf","23-97108","pdf","121523","2023-10-23 15:14:29","01","23-97108 Ciel Lobby"
"/mnt/e/emittiv/emittiv/01 Projects/00 Inactive/23-97108 Ciel Lobby/02 Proposal/e-23-97108-FP-02 Pricing.xlsx","e-23-97108-FP-02 Pricing.xlsx","23-97108","xlsx","11990","2023-11-03 19:31:39","02","23-97108 Ciel Lobby"
"/mnt/e/emittiv/emittiv/01 Projects/00 Inactive/23-97108 Ciel Lobby/02 Proposal/e-23-97108-FP-02.indd","e-23-97108-FP-02.indd","23-97108","indd","2187264","2023-11-03 19:28:03","02","23-97108 Ciel Lobby"
"/mnt/e/emittiv/emittiv/01 Projects/00 Inactive/23-97108 Ciel Lobby/02 Proposal/e-23-97108-FP-02.pdf","e-23-97108-FP-02.pdf","23-97108","pdf","121412","2023-11-03 19:28:40","02","23-97108 Ciel Lobby"
"/mnt/e/emittiv/emittiv/01 Projects/00 Inactive/23-97109 Ciel VIP/01 Client Info/01 Pre Award/23-969 Ciel Tower Suites/TFG-C-AB-27-109 -RFP.pdf","TFG-C-AB-27-109 -RFP.pdf","23-97109","pdf","2041900","2023-10-16 12:43:25","01","23-97109 Ciel VIP"
"/mnt/e/emittiv/emittiv/01 Projects/00 Inactive/23-97109 Ciel VIP/02 Proposal/00 Archive/e-23-97109-FP-01 Pricing.xlsx","e-23-97109-FP-01 Pricing.xlsx","23-97109","xlsx","11814","2023-10-23 15:42:25","01","23-97109 Ciel VIP"
"/mnt/e/emittiv/emittiv/01 Projects/00 Inactive/23-97109 Ciel VIP/02 Proposal/00 Archive/e-23-97109-FP-01.indd","e-23-97109-FP-01.indd","23-97109","indd","1863680","2023-10-23 15:42:45","01","23-97109 Ciel VIP"
"/mnt/e/emittiv/emittiv/01 Projects/00 Inactive/23-97109 Ciel VIP/02 Proposal/00 Archive/e-23-97109-FP-01.pdf","e-23-97109-FP-01.pdf","23-97109","pdf","121319","2023-10-23 15:40:40","01","23-97109 Ciel VIP"
"/mnt/e/emittiv/emittiv/01 Projects/00 Inactive/23-97109 Ciel VIP/02 Proposal/e-23-97109-FP-02 Pricing.xlsx","e-23-97109-FP-02 Pricing.xlsx","23-97109","xlsx","11858","2023-11-03 19:31:57","02","23-97109 Ciel VIP"
"/mnt/e/emittiv/emittiv/01 Projects/00 Inactive/23-97109 Ciel VIP/02 Proposal/e-23-97109-FP-02.indd","e-23-97109-FP-02.indd","23-97109","indd","2174976","2023-11-03 19:27:11","02","23-97109 Ciel VIP"
"/mnt/e/emittiv/emittiv/01 Projects/00 Inactive/23-97109 Ciel VIP/02 Proposal/e-23-97109-FP-02.pdf","e-23-97109-FP-02.pdf","23-97109","pdf","121168","2023-11-03 19:29:00","02","23-97109 Ciel VIP"
"/mnt/e/emittiv/emittiv/01 Projects/00 Inactive/23-97111 Dubai Island Promenade/02 Proposal/00 Archive/e-23-97111-FP-01 Pricing.xlsx","e-23-97111-FP-01 Pricing.xlsx","23-97111","xlsx","11852","2023-11-06 07:20:07","01","23-97111 Dubai Island Promenade"
"/mnt/e/emittiv/emittiv/01 Projects/00 Inactive/23-97111 Dubai Island Promenade/02 Proposal/00 Archive/e-23-97111-FP-01.indd","e-23-97111-FP-01.indd","23-97111","indd","2449408","2023-11-06 10:43:51","01","23-97111 Dubai Island Promenade"
"/mnt/e/emittiv/emittiv/01 Projects/00 Inactive/23-97111 Dubai Island Promenade/02 Proposal/00 Archive/e-23-97111-FP-01.pdf","e-23-97111-FP-01.pdf","23-97111","pdf","131716","2023-11-06 10:43:38","01","23-97111 Dubai Island Promenade"
"/mnt/e/emittiv/emittiv/01 Projects/00 Inactive/23-97111 Dubai Island Promenade/02 Proposal/e-23-97111-FP-02 Pricing.xlsx","e-23-97111-FP-02 Pricing.xlsx","23-97111","xlsx","11841","2023-11-21 06:01:31","02","23-97111 Dubai Island Promenade"
"/mnt/e/emittiv/emittiv/01 Projects/00 Inactive/23-97111 Dubai Island Promenade/02 Proposal/e-23-97111-FP-02.indd","e-23-97111-FP-02.indd","23-97111","indd","1937408","2023-11-21 06:01:57","02","23-97111 Dubai Island Promenade"
"/mnt/e/emittiv/emittiv/01 Projects/00 Inactive/23-97111 Dubai Island Promenade/02 Proposal/e-23-97111-FP-02.pdf","e-23-97111-FP-02.pdf","23-97111","pdf","89965","2023-11-21 06:03:01","02","23-97111 Dubai Island Promenade"
"/mnt/e/emittiv/emittiv/01 Projects/00 Inactive/23-97112 Marjan World Mixed Use/02 Proposal/e-yy-cccnn-FP-01.indd","e-yy-cccnn-FP-01.indd","23-97112","indd","2387968","2023-10-31 23:20:12","01","23-97112 Marjan World Mixed Use"
"/mnt/e/emittiv/emittiv/01 Projects/00 Inactive/23-97112 Marjan World Mixed Use/02 Proposal/e-yy-nnnn-FP-01 Pricing.xlsx","e-yy-nnnn-FP-01 Pricing.xlsx","23-97112","xlsx","12664","2023-12-08 08:28:29","01","23-97112 Marjan World Mixed Use"
"/mnt/e/emittiv/emittiv/01 Projects/00 Inactive/24-25101 EEC Sports Arena/02 Proposal/24-25101-FP-01 Pricing.xlsx","24-25101-FP-01 Pricing.xlsx","24-25101","xlsx","12061","2024-08-07 13:29:33","01","24-25101 EEC Sports Arena"
"/mnt/e/emittiv/emittiv/01 Projects/00 Inactive/24-25101 EEC Sports Arena/02 Proposal/yy-cccnn-FP-01.indd","yy-cccnn-FP-01.indd","24-25101","indd","1662976","2024-05-27 12:46:47","01","24-25101 EEC Sports Arena"
"/mnt/e/emittiv/emittiv/01 Projects/00 Inactive/24-96601 Dammam Water Park/02 Proposal/e-24-96601-FP-01 Pricing.xlsx","e-24-96601-FP-01 Pricing.xlsx","24-96601","xlsx","12227","2024-02-07 14:27:56","01","24-96601 Dammam Water Park"
"/mnt/e/emittiv/emittiv/01 Projects/00 Inactive/24-96601 Dammam Water Park/02 Proposal/e-24-96601-FP-01.indd","e-24-96601-FP-01.indd","24-96601","indd","2428928","2024-02-07 14:27:04","01","24-96601 Dammam Water Park"
"/mnt/e/emittiv/emittiv/01 Projects/00 Inactive/24-96601 Dammam Water Park/02 Proposal/e-24-96601-FP-01.pdf","e-24-96601-FP-01.pdf","24-96601","pdf","207926","2024-02-07 16:15:49","01","24-96601 Dammam Water Park"
"/mnt/e/emittiv/emittiv/01 Projects/00 Inactive/24-96602 Intercon Jeddah/02 Proposal/e-24-96602-FP-01 Pricing.xlsx","e-24-96602-FP-01 Pricing.xlsx","24-96602","xlsx","11962","2024-02-19 06:50:29","01","24-96602 Intercon Jeddah"
"/mnt/e/emittiv/emittiv/01 Projects/00 Inactive/24-96602 Intercon Jeddah/02 Proposal/e-24-96602-FP-01.indd","e-24-96602-FP-01.indd","24-96602","indd","2412544","2024-02-19 06:50:00","01","24-96602 Intercon Jeddah"
"/mnt/e/emittiv/emittiv/01 Projects/00 Inactive/24-96602 Intercon Jeddah/02 Proposal/e-24-96602-FP-01.pdf","e-24-96602-FP-01.pdf","24-96602","pdf","163442","2024-02-19 06:50:17","01","24-96602 Intercon Jeddah"
"/mnt/e/emittiv/emittiv/01 Projects/00 Inactive/24-96603 Marasi Gate/02 Proposal/24-96603-FP-01 Pricing.xlsx","24-96603-FP-01 Pricing.xlsx","24-96603","xlsx","11969","2024-08-08 07:04:06","01","24-96603 Marasi Gate"
"/mnt/e/emittiv/emittiv/01 Projects/00 Inactive/24-96603 Marasi Gate/02 Proposal/24-96603-FP-01.indd","24-96603-FP-01.indd","24-96603","indd","2416640","2024-08-08 07:03:55","01","24-96603 Marasi Gate"
"/mnt/e/emittiv/emittiv/01 Projects/00 Inactive/24-96603 Marasi Gate/02 Proposal/24-96603-FP-01.pdf","24-96603-FP-01.pdf","24-96603","pdf","102557","2024-08-08 06:54:42","01","24-96603 Marasi Gate"
"/mnt/e/emittiv/emittiv/01 Projects/00 Inactive/24-96604 Exit 15/02 Proposal/yy-cccnn-FP-01 Pricing.xlsx","yy-cccnn-FP-01 Pricing.xlsx","24-96604","xlsx","11877","2024-03-16 10:30:28","01","24-96604 Exit 15"
"/mnt/e/emittiv/emittiv/01 Projects/00 Inactive/24-96604 Exit 15/02 Proposal/yy-cccnn-FP-01.indd","yy-cccnn-FP-01.indd","24-96604","indd","2314240","2024-08-08 05:56:47","01","24-96604 Exit 15"
"/mnt/e/emittiv/emittiv/01 Projects/00 Inactive/24-97102 DMC 2A/01 Client Info/01 Pre Award/RFP - DA EA - Plot 2A _05.02.2024.pdf","RFP - DA EA - Plot 2A _05.02.2024.pdf","24-97102","pdf","14919916","2024-02-18 11:37:19","01","24-97102 DMC 2A"
"/mnt/e/emittiv/emittiv/01 Projects/00 Inactive/24-97102 DMC 2A/02 Proposal/e-24-97102-FP-01 Pricing.xlsx","e-24-97102-FP-01 Pricing.xlsx","24-97102","xlsx","12211","2024-02-19 08:16:34","01","24-97102 DMC 2A"
"/mnt/e/emittiv/emittiv/01 Projects/00 Inactive/24-97102 DMC 2A/02 Proposal/e-24-97102-FP-01.indd","e-24-97102-FP-01.indd","24-97102","indd","2420736","2024-02-19 08:15:50","01","24-97102 DMC 2A"
"/mnt/e/emittiv/emittiv/01 Projects/00 Inactive/24-97102 DMC 2A/02 Proposal/e-24-97102-FP-01.pdf","e-24-97102-FP-01.pdf","24-97102","pdf","166058","2024-02-19 08:16:27","01","24-97102 DMC 2A"
"/mnt/e/emittiv/emittiv/01 Projects/00 Inactive/24-97102 DMC 2A/02 Proposal/e-24-97102-FP-02 Pricing.xlsx","e-24-97102-FP-02 Pricing.xlsx","24-97102","xlsx","12207","2024-02-28 14:47:21","02","24-97102 DMC 2A"
"/mnt/e/emittiv/emittiv/01 Projects/00 Inactive/24-97103 Canal Three/02 Proposal/e-yy-cccnn-FP-01.indd","e-yy-cccnn-FP-01.indd","24-97103","indd","2387968","2023-10-31 23:20:12","01","24-97103 Canal Three"
"/mnt/e/emittiv/emittiv/01 Projects/00 Inactive/24-97103 Canal Three/02 Proposal/e-yy-nnnn-FP-01 Pricing.xlsx","e-yy-nnnn-FP-01 Pricing.xlsx","24-97103","xlsx","11864","2023-06-05 06:02:02","01","24-97103 Canal Three"
"/mnt/e/emittiv/emittiv/01 Projects/00 Inactive/24-97104 HoH Programming/02 Proposal/e-24-97104-FP-01 Pricing.xlsx","e-24-97104-FP-01 Pricing.xlsx","24-97104","xlsx","12010","2024-03-12 11:19:20","01","24-97104 HoH Programming"
"/mnt/e/emittiv/emittiv/01 Projects/00 Inactive/24-97104 HoH Programming/02 Proposal/e-24-97104-FP-01.indd","e-24-97104-FP-01.indd","24-97104","indd","2408448","2024-03-12 11:13:40","01","24-97104 HoH Programming"
"/mnt/e/emittiv/emittiv/01 Projects/00 Inactive/24-97104 HoH Programming/02 Proposal/e-24-97104-FP-01.pdf","e-24-97104-FP-01.pdf","24-97104","pdf","101107","2024-03-12 11:27:49","01","24-97104 HoH Programming"
"/mnt/e/emittiv/emittiv/01 Projects/00 Inactive/24-97106 RAK Sled/01 Client Info/01 Pre Award/RFP Sledder Track Lighting_Design Services Final.pdf","RFP Sledder Track Lighting_Design Services Final.pdf","24-97106","pdf","1354894","2024-03-25 17:07:07","01","24-97106 RAK Sled"
"/mnt/e/emittiv/emittiv/01 Projects/00 Inactive/24-97106 RAK Sled/01 Client Info/01 Pre Award/Tender Package -Sledder Light Design Services/RFP Sledder Track Lighting_Design Services Final.pdf","RFP Sledder Track Lighting_Design Services Final.pdf","24-97106","pdf","1354894","2024-03-12 14:44:42","01","24-97106 RAK Sled"
"/mnt/e/emittiv/emittiv/01 Projects/00 Inactive/24-97106 RAK Sled/01 Client Info/RFP Sledder Track Lighting_Design Services Final.pdf","RFP Sledder Track Lighting_Design Services Final.pdf","24-97106","pdf","1354894","2024-03-25 17:07:07","01","24-97106 RAK Sled"
"/mnt/e/emittiv/emittiv/01 Projects/00 Inactive/24-97106 RAK Sled/02 Proposal/24-97106-FP-01 Pricing.xlsx","24-97106-FP-01 Pricing.xlsx","24-97106","xlsx","12210","2024-03-25 18:42:36","01","24-97106 RAK Sled"
"/mnt/e/emittiv/emittiv/01 Projects/00 Inactive/24-97106 RAK Sled/02 Proposal/24-97106-FP-01.indd","24-97106-FP-01.indd","24-97106","indd","2478080","2024-03-25 18:50:39","01","24-97106 RAK Sled"
"/mnt/e/emittiv/emittiv/01 Projects/00 Inactive/24-97106 RAK Sled/02 Proposal/24-97106-FP-01.pdf","24-97106-FP-01.pdf","24-97106","pdf","191559","2024-03-25 18:49:32","01","24-97106 RAK Sled"
"/mnt/e/emittiv/emittiv/01 Projects/00 Inactive/24-97107 Reserve Cut/02 Proposal/24-97107-FP-01 Pricing.xlsx","24-97107-FP-01 Pricing.xlsx","24-97107","xlsx","12146","2024-07-29 12:19:46","01","24-97107 Reserve Cut"
"/mnt/e/emittiv/emittiv/01 Projects/00 Inactive/24-97107 Reserve Cut/02 Proposal/24-97107-FP-01.indd","24-97107-FP-01.indd","24-97107","indd","2428928","2024-04-29 07:40:40","01","24-97107 Reserve Cut"
"/mnt/e/emittiv/emittiv/01 Projects/00 Inactive/24-97107 Reserve Cut/02 Proposal/24-97107-FP-01.pdf","24-97107-FP-01.pdf","24-97107","pdf","104105","2024-04-29 07:41:50","01","24-97107 Reserve Cut"
"/mnt/e/emittiv/emittiv/01 Projects/00 Inactive/24-97107 Reserve Cut/04 Deliverables/21 CD Report/00 Archives/yy-cccnn-FP-01 - CS4.indd","yy-cccnn-FP-01 - CS4.indd","24-97107","indd","1622016","2024-05-29 11:30:09","01","24-97107 Reserve Cut"
"/mnt/e/emittiv/emittiv/01 Projects/00 Inactive/24-97107 Reserve Cut/04 Deliverables/21 CD Report/00 Archives/yy-cccnn-FP-01.indd","yy-cccnn-FP-01.indd","24-97107","indd","2387968","2024-05-28 20:44:47","01","24-97107 Reserve Cut"
"/mnt/e/emittiv/emittiv/01 Projects/00 Inactive/24-97108 Tamani Hotel/02 Proposal/24-97108-FP-01 Pricing.xlsx","24-97108-FP-01 Pricing.xlsx","24-97108","xlsx","12246","2024-07-08 12:49:03","01","24-97108 Tamani Hotel"
"/mnt/e/emittiv/emittiv/01 Projects/00 Inactive/24-97108 Tamani Hotel/02 Proposal/24-97108-FP-01.indd","24-97108-FP-01.indd","24-97108","indd","2420736","2024-07-08 12:48:30","01","24-97108 Tamani Hotel"
"/mnt/e/emittiv/emittiv/01 Projects/00 Inactive/24-97108 Tamani Hotel/02 Proposal/24-97108-FP-01.pdf","24-97108-FP-01.pdf","24-97108","pdf","104101","2024-07-08 12:48:18","01","24-97108 Tamani Hotel"
"/mnt/e/emittiv/emittiv/01 Projects/00 Inactive/24-97110 Masdar B-02/02 Proposal/24-97110-FP-01 Pricing.xlsx","24-97110-FP-01 Pricing.xlsx","24-97110","xlsx","11996","2024-08-19 16:49:52","01","24-97110 Masdar B-02"
"/mnt/e/emittiv/emittiv/01 Projects/00 Inactive/24-97110 Masdar B-02/02 Proposal/24-97110-FP-01.indd","24-97110-FP-01.indd","24-97110","indd","2437120","2024-08-19 16:53:35","01","24-97110 Masdar B-02"
"/mnt/e/emittiv/emittiv/01 Projects/00 Inactive/24-97110 Masdar B-02/02 Proposal/24-97110-FP-01.pdf","24-97110-FP-01.pdf","24-97110","pdf","107728","2024-08-19 16:51:16","01","24-97110 Masdar B-02"
"/mnt/e/emittiv/emittiv/01 Projects/00 Inactive/24-97111 Masdar OS-48/01 Client Info/01 Pre Award/Masdar City HQ - RFP for LEAD CONSULTANCY SERVICES.pdf","Masdar City HQ - RFP for LEAD CONSULTANCY SERVICES.pdf","24-97111","pdf","4438509","2024-08-09 08:24:18","01","24-97111 Masdar OS-48"
"/mnt/e/emittiv/emittiv/01 Projects/00 Inactive/24-97111 Masdar OS-48/01 Client Info/01 Pre Award/Queries/MC HQ RFP _ List of Queries.xlsx","MC HQ RFP _ List of Queries.xlsx","24-97111","xlsx","12718","2024-08-09 08:24:11","01","24-97111 Masdar OS-48"
"/mnt/e/emittiv/emittiv/01 Projects/00 Inactive/24-97111 Masdar OS-48/02 Proposal/24-97111-FP-01 Pricing.xlsx","24-97111-FP-01 Pricing.xlsx","24-97111","xlsx","12118","2024-08-26 13:28:19","01","24-97111 Masdar OS-48"
"/mnt/e/emittiv/emittiv/01 Projects/00 Inactive/24-97111 Masdar OS-48/02 Proposal/24-97111-FP-01.indd","24-97111-FP-01.indd","24-97111","indd","2433024","2024-08-26 13:28:03","01","24-97111 Masdar OS-48"
"/mnt/e/emittiv/emittiv/01 Projects/00 Inactive/24-97111 Masdar OS-48/02 Proposal/24-97111-FP-01.pdf","24-97111-FP-01.pdf","24-97111","pdf","104663","2024-08-26 13:27:52","01","24-97111 Masdar OS-48"
"/mnt/e/emittiv/emittiv/01 Projects/00 Inactive/24-99401 Victory Museum BAKU/02 Proposal/24-99401-FP-01 Pricing.xlsx","24-99401-FP-01 Pricing.xlsx","24-99401","xlsx","8594","2024-05-14 01:46:11","01","24-99401 Victory Museum BAKU"
"/mnt/e/emittiv/emittiv/01 Projects/00 Inactive/24-99401 Victory Museum BAKU/02 Proposal/24-99401-FP-01.indd","24-99401-FP-01.indd","24-99401","indd","2387968","2024-03-16 10:09:52","01","24-99401 Victory Museum BAKU"
"/mnt/e/emittiv/emittiv/01 Projects/00 Inactive/25-96601 Pit Stop/01 Client Info/01 Pre Award/250203 RFP/9. RFP - QPMO-410-CT-05113_Pitstop Theatre Show (1).pdf","9. RFP - QPMO-410-CT-05113_Pitstop Theatre Show (1).pdf","25-96601","pdf","3328971","2025-05-14 09:32:43","01","25-96601 Pit Stop"
"/mnt/e/emittiv/emittiv/01 Projects/00 Inactive/25-96601 Pit Stop/01 Client Info/01 Pre Award/250205 Info Pack/9. RFP - QPMO-410-CT-05113_Pitstop Theatre Show.pdf","9. RFP - QPMO-410-CT-05113_Pitstop Theatre Show.pdf","25-96601","pdf","3355144","2025-02-03 18:44:59","01","25-96601 Pit Stop"
"/mnt/e/emittiv/emittiv/01 Projects/00 Inactive/25-96601 Pit Stop/02 Proposal/25-96601-FP-01 Pricing.xlsx","25-96601-FP-01 Pricing.xlsx","25-96601","xlsx","12177","2025-05-23 15:03:37","01","25-96601 Pit Stop"
"/mnt/e/emittiv/emittiv/01 Projects/00 Inactive/25-96601 Pit Stop/02 Proposal/25-96601-FP-01.indd","25-96601-FP-01.indd","25-96601","indd","2428928","2025-05-23 15:11:26","01","25-96601 Pit Stop"
"/mnt/e/emittiv/emittiv/01 Projects/00 Inactive/25-96601 Pit Stop/02 Proposal/25-96601-FP-01.pdf","25-96601-FP-01.pdf","25-96601","pdf","106527","2025-05-23 15:02:50","01","25-96601 Pit Stop"
"/mnt/e/emittiv/emittiv/01 Projects/00 Inactive/25-97103 Aljada FG/02 Proposal/00 Archive/25-97103-FP-01 Pricing.xlsx","25-97103-FP-01 Pricing.xlsx","25-97103","xlsx","15792","2025-04-17 17:07:06","01","25-97103 Aljada FG"
"/mnt/e/emittiv/emittiv/01 Projects/00 Inactive/25-97103 Aljada FG/02 Proposal/00 Archive/25-97103-FP-01.indd","25-97103-FP-01.indd","25-97103","indd","2433024","2025-04-17 17:00:40","01","25-97103 Aljada FG"
"/mnt/e/emittiv/emittiv/01 Projects/00 Inactive/25-97103 Aljada FG/02 Proposal/00 Archive/25-97103-FP-01.pdf","25-97103-FP-01.pdf","25-97103","pdf","124483","2025-04-17 17:01:08","01","25-97103 Aljada FG"
"/mnt/e/emittiv/emittiv/01 Projects/00 Inactive/25-97103 Aljada FG/02 Proposal/25-97103-FP-02 Pricing.xlsx","25-97103-FP-02 Pricing.xlsx","25-97103","xlsx","15751","2025-05-12 15:16:20","02","25-97103 Aljada FG"
"/mnt/e/emittiv/emittiv/01 Projects/00 Inactive/25-97103 Aljada FG/02 Proposal/25-97103-FP-02.indd","25-97103-FP-02.indd","25-97103","indd","1769472","2025-05-12 15:33:21","02","25-97103 Aljada FG"
"/mnt/e/emittiv/emittiv/01 Projects/00 Inactive/25-97103 Aljada FG/02 Proposal/25-97103-FP-02.pdf","25-97103-FP-02.pdf","25-97103","pdf","125659","2025-05-12 15:23:38","02","25-97103 Aljada FG"
"/mnt/e/emittiv/emittiv/01 Projects/01 RFPs/25-97102 WAMI/01 Client Info/01 Pre Award/Sitewide Lighting Consultant Services RFP 18.04.2025 - Emittiv LLC.pdf","Sitewide Lighting Consultant Services RFP 18.04.2025 - Emittiv LLC.pdf","25-97102","pdf","820309","2025-04-29 11:29:42","01","25-97102 WAMI"
"/mnt/e/emittiv/emittiv/01 Projects/01 RFPs/25-97102 WAMI/01 Client Info/02 Proposal Comments/25-97102-FP-01 WDD Lighting notes.pdf","25-97102-FP-01 WDD Lighting notes.pdf","25-97102","pdf","267100","2025-05-20 19:06:47","01","25-97102 WAMI"
"/mnt/e/emittiv/emittiv/01 Projects/01 RFPs/25-97102 WAMI/02 Proposal/00 Archive/25-97102-FP-01.indd","25-97102-FP-01.indd","25-97102","indd","3096576","2025-05-02 18:45:26","01","25-97102 WAMI"
"/mnt/e/emittiv/emittiv/01 Projects/01 RFPs/25-97102 WAMI/02 Proposal/00 Archive/25-97102-FP-01.pdf","25-97102-FP-01.pdf","25-97102","pdf","254924","2025-05-02 18:44:57","01","25-97102 WAMI"
"/mnt/e/emittiv/emittiv/01 Projects/01 RFPs/25-97102 WAMI/02 Proposal/25-97102-FP-01 Pricing.xlsx","25-97102-FP-01 Pricing.xlsx","25-97102","xlsx","11877","2024-03-16 10:30:28","01","25-97102 WAMI"
"/mnt/e/emittiv/emittiv/01 Projects/01 RFPs/25-97102 WAMI/02 Proposal/25-97102-FP-02.indd","25-97102-FP-02.indd","25-97102","indd","2924544","2025-05-21 15:58:20","02","25-97102 WAMI"
"/mnt/e/emittiv/emittiv/01 Projects/01 RFPs/25-97102 WAMI/02 Proposal/25-97102-FP-02.pdf","25-97102-FP-02.pdf","25-97102","pdf","254284","2025-05-21 15:58:45","02","25-97102 WAMI"
"/mnt/e/emittiv/emittiv/01 Projects/01 RFPs/25-97106 MAF MOE FEC v3/02 Proposal/25-97106-FP-01 Pricing.xlsx","25-97106-FP-01 Pricing.xlsx","25-97106","xlsx","12051","2025-06-23 18:23:45","01","25-97106 MAF MOE FEC v3"
"/mnt/e/emittiv/emittiv/01 Projects/01 RFPs/25-97106 MAF MOE FEC v3/02 Proposal/25-97106-FP-01.indd","25-97106-FP-01.indd","25-97106","indd","2412544","2025-06-23 18:12:43","01","25-97106 MAF MOE FEC v3"
"/mnt/e/emittiv/emittiv/01 Projects/01 RFPs/25-97106 MAF MOE FEC v3/02 Proposal/25-97106-FP-01.pdf","25-97106-FP-01.pdf","25-97106","pdf","104899","2025-06-23 18:04:34","01","25-97106 MAF MOE FEC v3"
"/mnt/e/emittiv/emittiv/01 Projects/01 RFPs/25-97106 MAF MOE FEC v3/02 Proposal/yy-cccnn-FP-01 Pricing.xlsx","yy-cccnn-FP-01 Pricing.xlsx","25-97106","xlsx","11877","2024-03-16 10:30:28","01","25-97106 MAF MOE FEC v3"
"/mnt/e/emittiv/emittiv/01 Projects/01 RFPs/_yy-cccnn Project Name/02 Proposal/yy-cccnn-FP-01 Pricing.xlsx","yy-cccnn-FP-01 Pricing.xlsx","","xlsx","11877","2024-03-16 10:30:28","01",""
"/mnt/e/emittiv/emittiv/01 Projects/01 RFPs/_yy-cccnn Project Name/02 Proposal/yy-cccnn-FP-01.indd","yy-cccnn-FP-01.indd","","indd","1662976","2025-06-04 19:25:56","01",""
"/mnt/e/emittiv/emittiv/01 Projects/11 Current/24-96606 JOH/01 Client Info/02 Incoming/241112 Original IFT/RFP-J0571-Stage Lighting SSC.pdf","RFP-J0571-Stage Lighting SSC.pdf","24-96606","pdf","1584732","2024-09-03 09:18:03","01","24-96606 JOH"
"/mnt/e/emittiv/emittiv/01 Projects/11 Current/24-96606 JOH/02 Proposal/00 Archive/24-96606-FP-01 comments response.pdf","24-96606-FP-01 comments response.pdf","24-96606","pdf","131755","2024-10-18 22:33:03","01","24-96606 JOH"
"/mnt/e/emittiv/emittiv/01 Projects/11 Current/24-96606 JOH/02 Proposal/00 Archive/24-96606-FP-01 comments.pdf","24-96606-FP-01 comments.pdf","24-96606","pdf","141290","2024-10-18 21:34:32","01","24-96606 JOH"
"/mnt/e/emittiv/emittiv/01 Projects/11 Current/24-96606 JOH/02 Proposal/00 Archive/24-96606-FP-01.indd","24-96606-FP-01.indd","24-96606","indd","1986560","2024-10-17 19:35:41","01","24-96606 JOH"
"/mnt/e/emittiv/emittiv/01 Projects/11 Current/24-96606 JOH/02 Proposal/00 Archive/24-96606-FP-01.pdf","24-96606-FP-01.pdf","24-96606","pdf","102467","2024-10-17 19:35:14","01","24-96606 JOH"
"/mnt/e/emittiv/emittiv/01 Projects/11 Current/24-96606 JOH/02 Proposal/24-96606-FP-01 Pricing.xlsx","24-96606-FP-01 Pricing.xlsx","24-96606","xlsx","11852","2024-10-17 19:19:33","01","24-96606 JOH"
"/mnt/e/emittiv/emittiv/01 Projects/11 Current/24-96606 JOH/02 Proposal/24-96606-FP-02.indd","24-96606-FP-02.indd","24-96606","indd","2334720","2024-10-18 22:33:53","02","24-96606 JOH"
"/mnt/e/emittiv/emittiv/01 Projects/11 Current/24-96606 JOH/02 Proposal/24-96606-FP-02.pdf","24-96606-FP-02.pdf","24-96606","pdf","104320","2024-10-18 22:33:43","02","24-96606 JOH"
"/mnt/e/emittiv/emittiv/01 Projects/11 Current/24-96606 JOH/04 Deliverables/99 Temp/JOH Lyric FP Info.xlsx","JOH Lyric FP Info.xlsx","24-96606","xlsx","71421","2024-10-31 11:22:33","01","24-96606 JOH"
"/mnt/e/emittiv/emittiv/01 Projects/11 Current/24-97101 HoH Supervision/02 Proposal/00 Archive/e-24-97101-FP-01 - Copy.indd","e-24-97101-FP-01 - Copy.indd","24-97101","indd","2260992","2024-01-16 12:45:01","01","24-97101 HoH Supervision"
"/mnt/e/emittiv/emittiv/01 Projects/11 Current/24-97101 HoH Supervision/02 Proposal/00 Archive/e-24-97101-FP-01 Pricing.xlsx","e-24-97101-FP-01 Pricing.xlsx","24-97101","xlsx","13633","2024-01-16 12:54:33","01","24-97101 HoH Supervision"
"/mnt/e/emittiv/emittiv/01 Projects/11 Current/24-97101 HoH Supervision/02 Proposal/e-24-97101-FP-01.indd","e-24-97101-FP-01.indd","24-97101","indd","2260992","2024-01-16 12:45:01","01","24-97101 HoH Supervision"
"/mnt/e/emittiv/emittiv/01 Projects/11 Current/24-97101 HoH Supervision/02 Proposal/e-24-97101-FP-01.pdf","e-24-97101-FP-01.pdf","24-97101","pdf","213945","2024-01-16 11:47:39","01","24-97101 HoH Supervision"
"/mnt/e/emittiv/emittiv/01 Projects/11 Current/24-97101 HoH Supervision/02 Proposal/e-24-97101-FP-02 Pricing.xlsx","e-24-97101-FP-02 Pricing.xlsx","24-97101","xlsx","13602","2024-03-11 16:17:29","02","24-97101 HoH Supervision"
"/mnt/e/emittiv/emittiv/01 Projects/11 Current/24-97101 HoH Supervision/02 Proposal/e-24-97101-FP-02.indd","e-24-97101-FP-02.indd","24-97101","indd","2408448","2024-03-11 07:15:29","02","24-97101 HoH Supervision"
"/mnt/e/emittiv/emittiv/01 Projects/11 Current/24-97101 HoH Supervision/02 Proposal/e-24-97101-FP-02.pdf","e-24-97101-FP-02.pdf","24-97101","pdf","173928","2024-03-11 15:50:54","02","24-97101 HoH Supervision"
"/mnt/e/emittiv/emittiv/01 Projects/11 Current/24-97109 MOE FEC v2/02 Proposal/24-97109-FP-01 Pricing.xlsx","24-97109-FP-01 Pricing.xlsx","24-97109","xlsx","12135","2024-11-28 10:08:28","01","24-97109 MOE FEC v2"
"/mnt/e/emittiv/emittiv/01 Projects/11 Current/24-97109 MOE FEC v2/02 Proposal/24-97109-FP-01.indd","24-97109-FP-01.indd","24-97109","indd","2404352","2024-07-08 16:53:53","01","24-97109 MOE FEC v2"
"/mnt/e/emittiv/emittiv/01 Projects/11 Current/24-97109 MOE FEC v2/02 Proposal/24-97109-FP-01.pdf","24-97109-FP-01.pdf","24-97109","pdf","105457","2024-07-08 16:53:23","01","24-97109 MOE FEC v2"
"/mnt/e/emittiv/emittiv/01 Projects/11 Current/25-97104 MAF MiCC v2/02 Proposal/25-97104-FP-01 Pricing.xlsx","25-97104-FP-01 Pricing.xlsx","25-97104","xlsx","11756","2025-05-08 13:12:20","01","25-97104 MAF MiCC v2"
"/mnt/e/emittiv/emittiv/01 Projects/11 Current/25-97104 MAF MiCC v2/02 Proposal/25-97104-FP-01.indd","25-97104-FP-01.indd","25-97104","indd","1560576","2025-05-08 12:39:02","01","25-97104 MAF MiCC v2"
"/mnt/e/emittiv/emittiv/01 Projects/11 Current/25-97104 MAF MiCC v2/02 Proposal/25-97104-FP-01.pdf","25-97104-FP-01.pdf","25-97104","pdf","95177","2025-05-08 12:41:14","01","25-97104 MAF MiCC v2"
"/mnt/e/emittiv/emittiv/01 Projects/11 Current/25-97105 Shanghai Tang v2/02 Proposal/00 Archive/25-97101-FP-01 Pricing.xlsx","25-97101-FP-01 Pricing.xlsx","25-97105","xlsx","12115","2025-01-27 12:45:09","01","25-97105 Shanghai Tang v2"
"/mnt/e/emittiv/emittiv/01 Projects/11 Current/25-97105 Shanghai Tang v2/02 Proposal/00 Archive/25-97101-FP-01.indd","25-97101-FP-01.indd","25-97105","indd","3039232","2025-01-27 12:49:58","01","25-97105 Shanghai Tang v2"
"/mnt/e/emittiv/emittiv/01 Projects/11 Current/25-97105 Shanghai Tang v2/02 Proposal/00 Archive/25-97101-FP-01.pdf","25-97101-FP-01.pdf","25-97105","pdf","157479","2025-01-27 12:50:36","01","25-97105 Shanghai Tang v2"
"/mnt/e/emittiv/emittiv/01 Projects/11 Current/25-97105 Shanghai Tang v2/02 Proposal/25-97105-FP-01 Pricing.xlsx","25-97105-FP-01 Pricing.xlsx","25-97105","xlsx","11900","2025-05-08 14:28:48","01","25-97105 Shanghai Tang v2"
"/mnt/e/emittiv/emittiv/01 Projects/11 Current/25-97105 Shanghai Tang v2/02 Proposal/25-97105-FP-01.indd","25-97105-FP-01.indd","25-97105","indd","2252800","2025-05-08 14:22:42","01","25-97105 Shanghai Tang v2"
"/mnt/e/emittiv/emittiv/01 Projects/11 Current/25-97105 Shanghai Tang v2/02 Proposal/25-97105-FP-01.pdf","25-97105-FP-01.pdf","25-97105","pdf","91683","2025-05-08 14:23:19","01","25-97105 Shanghai Tang v2"
"/mnt/e/emittiv/emittiv/01 Projects/99 Completed/22-97113 MAF FEC/02 Proposal/00 Archive/22-97113 Pricing.xlsx","22-97113 Pricing.xlsx","22-97113","xlsx","13284","2022-09-23 09:29:50","","22-97113 MAF FEC"
"/mnt/e/emittiv/emittiv/01 Projects/99 Completed/22-97113 MAF FEC/02 Proposal/00 Archive/22-97113-FP-01.indd","22-97113-FP-01.indd","22-97113","indd","2473984","2022-09-08 15:26:00","01","22-97113 MAF FEC"
"/mnt/e/emittiv/emittiv/01 Projects/99 Completed/22-97113 MAF FEC/02 Proposal/00 Archive/22-97113-FP-01.pdf","22-97113-FP-01.pdf","22-97113","pdf","204321","2022-09-08 15:26:15","01","22-97113 MAF FEC"
"/mnt/e/emittiv/emittiv/01 Projects/99 Completed/22-97113 MAF FEC/02 Proposal/22-97113-FP-02.indd","22-97113-FP-02.indd","22-97113","indd","2232320","2023-04-03 07:25:27","02","22-97113 MAF FEC"
"/mnt/e/emittiv/emittiv/01 Projects/99 Completed/22-97113 MAF FEC/02 Proposal/22-97113-FP-02.pdf","22-97113-FP-02.pdf","22-97113","pdf","111415","2023-01-10 14:48:34","02","22-97113 MAF FEC"
"/mnt/e/emittiv/emittiv/01 Projects/99 Completed/23-96606 KSA Pav Osaka/02 Proposal/e-yy-cccnn-FP-01.indd","e-yy-cccnn-FP-01.indd","23-96606","indd","2314240","2023-05-23 18:16:29","01","23-96606 KSA Pav Osaka"
"/mnt/e/emittiv/emittiv/01 Projects/99 Completed/23-96606 KSA Pav Osaka/02 Proposal/e-yy-cccnn-FP-01.pdf","e-yy-cccnn-FP-01.pdf","23-96606","pdf","232371","2023-05-23 18:51:14","01","23-96606 KSA Pav Osaka"
"/mnt/e/emittiv/emittiv/01 Projects/99 Completed/23-96606 KSA Pav Osaka/02 Proposal/e-yy-nnnn-FP-01 Pricing.xlsx","e-yy-nnnn-FP-01 Pricing.xlsx","23-96606","xlsx","11864","2023-06-05 06:02:02","01","23-96606 KSA Pav Osaka"
"/mnt/e/emittiv/emittiv/01 Projects/99 Completed/23-97110 HoH Dxb Update/01 Client Info/02 Incoming/240325 Temp/LOD 400 SUBMISSIONS/OUT/1. ZONES/ZONE 1/PDF/240305_ATR-HOH-EL-DS-0001-Z1-ELECTRICAL/240305_ATR-HOH-EL-DS-0001-Z1-ECHOPARK/240305_ATR-HOH-EFP-DS-0001-Z1-1001-ECHOPARK-FIRE ALARM & EMERGENCY LIGHTING LAYOUT.pdf","240305_ATR-HOH-EFP-DS-0001-Z1-1001-ECHOPARK-FIRE ALARM & EMERGENCY LIGHTING LAYOUT.pdf","23-97110","pdf","4814964","2024-03-18 00:01:02","01","23-97110 HoH Dxb Update"
"/mnt/e/emittiv/emittiv/01 Projects/99 Completed/23-97110 HoH Dxb Update/01 Client Info/02 Incoming/240325 Temp/LOD 400 SUBMISSIONS/OUT/1. ZONES/ZONE 1/PDF/240305_ATR-HOH-EL-DS-0001-Z1-ELECTRICAL/240305_ATR-HOH-EL-DS-0001-Z1-HYPEMIND/240305_ATR-HOH-EFP-DS-0001-Z1-1003-HYPEMIND-FIRE ALARM & EMERGENCY LIGHTING LAYOUT.pdf","240305_ATR-HOH-EFP-DS-0001-Z1-1003-HYPEMIND-FIRE ALARM & EMERGENCY LIGHTING LAYOUT.pdf","23-97110","pdf","6877064","2024-03-05 14:25:43","01","23-97110 HoH Dxb Update"
"/mnt/e/emittiv/emittiv/01 Projects/99 Completed/23-97110 HoH Dxb Update/01 Client Info/02 Incoming/240325 Temp/LOD 400 SUBMISSIONS/OUT/1. ZONES/ZONE 1/PDF/240305_ATR-HOH-EL-DS-0001-Z1-ELECTRICAL/240305_ATR-HOH-EL-DS-0001-Z1-NEON DREAMS_/240305_ATR-HOH-EFP-DS-0001-Z1-1001-NEON DREAMS-FIRE ALARM & EMERGENCY LIGHTING.pdf","240305_ATR-HOH-EFP-DS-0001-Z1-1001-NEON DREAMS-FIRE ALARM & EMERGENCY LIGHTING.pdf","23-97110","pdf","6008000","2024-03-05 14:32:02","01","23-97110 HoH Dxb Update"
"/mnt/e/emittiv/emittiv/01 Projects/99 Completed/23-97110 HoH Dxb Update/01 Client Info/02 Incoming/240325 Temp/LOD 400 SUBMISSIONS/OUT/1. ZONES/ZONE 1/PDF/240305_ATR-HOH-EL-DS-0001-Z1-ELECTRICAL/240305_ATR-HOH-EL-DS-0001-Z1-SERVERROOM/FIRE SYSTEM/02-HOHDXB-ATR-EFP-M3-SERVER ROOM-0002 - Sheet - 1015 - 02-HOHDXB-JIN-EFP.pdf","02-HOHDXB-ATR-EFP-M3-SERVER ROOM-0002 - Sheet - 1015 - 02-HOHDXB-JIN-EFP.pdf","23-97110","pdf","803490","2024-02-27 19:25:14","01","23-97110 HoH Dxb Update"
"/mnt/e/emittiv/emittiv/01 Projects/99 Completed/23-97110 HoH Dxb Update/01 Client Info/02 Incoming/240325 Temp/LOD 400 SUBMISSIONS/OUT/1. ZONES/ZONE 1/PDF/240305_ATR-HOH-ME-DS-0001-Z1-MECHANICAL/240305_ATR-HOH-FP-DS-0001-Z1/240305_ATR-HOH-FP-DS-0001-Z1-1001-ECHO PARK-FIREFIGHTING LAYOUT.pdf","240305_ATR-HOH-FP-DS-0001-Z1-1001-ECHO PARK-FIREFIGHTING LAYOUT.pdf","23-97110","pdf","569303","2024-03-17 15:31:23","01","23-97110 HoH Dxb Update"
"/mnt/e/emittiv/emittiv/01 Projects/99 Completed/23-97110 HoH Dxb Update/01 Client Info/02 Incoming/240325 Temp/LOD 400 SUBMISSIONS/OUT/1. ZONES/ZONE 1/PDF/240305_ATR-HOH-ME-DS-0001-Z1-MECHANICAL/240305_ATR-HOH-FP-DS-0001-Z1/240305_ATR-HOH-FP-DS-0001-Z1-1002-NEON DREAMS-FIREFIGHTING LAYOUT.pdf","240305_ATR-HOH-FP-DS-0001-Z1-1002-NEON DREAMS-FIREFIGHTING LAYOUT.pdf","23-97110","pdf","767543","2024-03-17 15:31:23","01","23-97110 HoH Dxb Update"
"/mnt/e/emittiv/emittiv/01 Projects/99 Completed/23-97110 HoH Dxb Update/01 Client Info/02 Incoming/240325 Temp/LOD 400 SUBMISSIONS/OUT/1. ZONES/ZONE 1/PDF/240305_ATR-HOH-ME-DS-0001-Z1-MECHANICAL/240305_ATR-HOH-FP-DS-0001-Z1/240305_ATR-HOH-FP-DS-0001-Z1-1003-NEON DREAMS CORRIDORE-FIREFIGHTING LAYOUT.pdf","240305_ATR-HOH-FP-DS-0001-Z1-1003-NEON DREAMS CORRIDORE-FIREFIGHTING LAYOUT.pdf","23-97110","pdf","4462144","2024-03-17 15:31:23","01","23-97110 HoH Dxb Update"
"/mnt/e/emittiv/emittiv/01 Projects/99 Completed/23-97110 HoH Dxb Update/01 Client Info/02 Incoming/240325 Temp/LOD 400 SUBMISSIONS/OUT/1. ZONES/ZONE 1/PDF/240305_ATR-HOH-ME-DS-0001-Z1-MECHANICAL/240305_ATR-HOH-FP-DS-0001-Z1/240305_ATR-HOH-FP-DS-0001-Z1-1004-HYPMIND-FIREFIGHTING LAYOUT.pdf","240305_ATR-HOH-FP-DS-0001-Z1-1004-HYPMIND-FIREFIGHTING LAYOUT.pdf","23-97110","pdf","5658732","2024-03-17 15:31:23","01","23-97110 HoH Dxb Update"
"/mnt/e/emittiv/emittiv/01 Projects/99 Completed/23-97110 HoH Dxb Update/01 Client Info/02 Incoming/240325 Temp/LOD 400 SUBMISSIONS/OUT/1. ZONES/ZONE 1/PDF/240305_ATR-HOH-ME-DS-0001-Z1-MECHANICAL/240305_ATR-HOH-FP-DS-0001-Z1/240305_ATR-HOH-FP-DS-0001-Z1-1005-SERVER ROOM B FIREFIGHTING.pdf","240305_ATR-HOH-FP-DS-0001-Z1-1005-SERVER ROOM B FIREFIGHTING.pdf","23-97110","pdf","497077","2024-03-17 15:31:23","01","23-97110 HoH Dxb Update"
"/mnt/e/emittiv/emittiv/01 Projects/99 Completed/23-97110 HoH Dxb Update/01 Client Info/02 Incoming/240325 Temp/LOD 400 SUBMISSIONS/OUT/FLS DRAWINGS ALL ZONES/FIRE PROTECTION/PDF/02-HOHDXB-JIN-FP-1000.pdf","02-HOHDXB-JIN-FP-1000.pdf","23-97110","pdf","3453279","2024-03-26 22:01:23","1000","23-97110 HoH Dxb Update"
"/mnt/e/emittiv/emittiv/01 Projects/99 Completed/23-97110 HoH Dxb Update/01 Client Info/02 Incoming/240325 Temp/LOD 400 SUBMISSIONS/OUT/FLS DRAWINGS ALL ZONES/FIRE PROTECTION/PDF/02-HOHDXB-JIN-FP-1001.pdf","02-HOHDXB-JIN-FP-1001.pdf","23-97110","pdf","1460850","2024-03-26 22:01:23","1001","23-97110 HoH Dxb Update"
"/mnt/e/emittiv/emittiv/01 Projects/99 Completed/23-97110 HoH Dxb Update/01 Client Info/02 Incoming/240325 Temp/LOD 400 SUBMISSIONS/OUT/FLS DRAWINGS ALL ZONES/FIRE PROTECTION/PDF/02-HOHDXB-JIN-FP-1002.pdf","02-HOHDXB-JIN-FP-1002.pdf","23-97110","pdf","2290145","2024-03-26 22:01:23","1002","23-97110 HoH Dxb Update"
"/mnt/e/emittiv/emittiv/01 Projects/99 Completed/23-97110 HoH Dxb Update/01 Client Info/02 Incoming/240325 Temp/LOD 400 SUBMISSIONS/OUT/FLS DRAWINGS ALL ZONES/FIRE PROTECTION/PDF/02-HOHDXB-JIN-FP-1003.pdf","02-HOHDXB-JIN-FP-1003.pdf","23-97110","pdf","2914611","2024-03-26 22:01:23","1003","23-97110 HoH Dxb Update"
"/mnt/e/emittiv/emittiv/01 Projects/99 Completed/23-97110 HoH Dxb Update/01 Client Info/02 Incoming/240325 Temp/LOD 400 SUBMISSIONS/OUT/FLS DRAWINGS ALL ZONES/FOR INFORMATION/FIRE FIGHTING/LAYOUTS/PDF/02-HOHDXB-JIN-FP-1000.pdf","02-HOHDXB-JIN-FP-1000.pdf","23-97110","pdf","22437458","2024-03-26 22:01:16","1000","23-97110 HoH Dxb Update"
"/mnt/e/emittiv/emittiv/01 Projects/99 Completed/23-97110 HoH Dxb Update/01 Client Info/02 Incoming/240325 Temp/LOD 400 SUBMISSIONS/OUT/FLS DRAWINGS ALL ZONES/FOR INFORMATION/FIRE FIGHTING/LAYOUTS/PDF/02-HOHDXB-JIN-FP-1001.pdf","02-HOHDXB-JIN-FP-1001.pdf","23-97110","pdf","7100396","2024-03-26 22:01:16","1001","23-97110 HoH Dxb Update"
"/mnt/e/emittiv/emittiv/01 Projects/99 Completed/23-97110 HoH Dxb Update/01 Client Info/02 Incoming/240325 Temp/LOD 400 SUBMISSIONS/OUT/FLS DRAWINGS ALL ZONES/FOR INFORMATION/FIRE FIGHTING/LAYOUTS/PDF/02-HOHDXB-JIN-FP-1002.pdf","02-HOHDXB-JIN-FP-1002.pdf","23-97110","pdf","38767922","2024-03-26 22:01:16","1002","23-97110 HoH Dxb Update"
"/mnt/e/emittiv/emittiv/01 Projects/99 Completed/23-97110 HoH Dxb Update/01 Client Info/02 Incoming/240325 Temp/LOD 400 SUBMISSIONS/OUT/FLS DRAWINGS ALL ZONES/FOR INFORMATION/FIRE FIGHTING/LAYOUTS/PDF/02-HOHDXB-JIN-FP-1003.pdf","02-HOHDXB-JIN-FP-1003.pdf","23-97110","pdf","6481453","2024-03-26 22:01:16","1003","23-97110 HoH Dxb Update"
"/mnt/e/emittiv/emittiv/01 Projects/99 Completed/23-97110 HoH Dxb Update/01 Client Info/02 Incoming/240325 Temp/LOD 400 SUBMISSIONS/OUT/FLS DRAWINGS ALL ZONES/FOR INFORMATION/FIRE FIGHTING/LAYOUTS/PDF/02-HOHDXB-JIN-FP-1102.pdf","02-HOHDXB-JIN-FP-1102.pdf","23-97110","pdf","1655403","2024-03-26 22:01:17","1102","23-97110 HoH Dxb Update"
"/mnt/e/emittiv/emittiv/01 Projects/99 Completed/23-97110 HoH Dxb Update/01 Client Info/02 Incoming/240325 Temp/LOD 400 SUBMISSIONS/OUT/FLS DRAWINGS ALL ZONES/FOR INFORMATION/FIRE FIGHTING/TYPICAL DETAIL/02-HOHDXB-JIN-FP-5400.pdf","02-HOHDXB-JIN-FP-5400.pdf","23-97110","pdf","699156","2024-03-26 22:01:15","5400","23-97110 HoH Dxb Update"
"/mnt/e/emittiv/emittiv/01 Projects/99 Completed/23-97110 HoH Dxb Update/02 Proposal/e-23-97110-FP-01 Pricing.xlsx","e-23-97110-FP-01 Pricing.xlsx","23-97110","xlsx","11807","2023-10-24 13:41:28","01","23-97110 HoH Dxb Update"
"/mnt/e/emittiv/emittiv/01 Projects/99 Completed/23-97110 HoH Dxb Update/02 Proposal/e-23-97110-FP-01.indd","e-23-97110-FP-01.indd","23-97110","indd","1851392","2023-10-24 13:39:17","01","23-97110 HoH Dxb Update"
"/mnt/e/emittiv/emittiv/01 Projects/99 Completed/23-97110 HoH Dxb Update/02 Proposal/e-23-97110-FP-01.pdf","e-23-97110-FP-01.pdf","23-97110","pdf","88970","2023-10-24 13:36:50","01","23-97110 HoH Dxb Update"
"/mnt/e/emittiv/emittiv/01 Projects/99 Completed/23-97110 HoH Dxb Update/11 CS/03 Drawings/240329 LI/240305_ATR-HOH-EFP-DS-0001-Z1-1001-ECHOPARK-FIRE ALARM & EMERGENCY LIGHTING LAYOUT.pdf","240305_ATR-HOH-EFP-DS-0001-Z1-1001-ECHOPARK-FIRE ALARM & EMERGENCY LIGHTING LAYOUT.pdf","23-97110","pdf","4814964","2024-03-18 00:01:02","01","23-97110 HoH Dxb Update"
"/mnt/e/emittiv/emittiv/01 Projects/99 Completed/23-97110 HoH Dxb Update/11 CS/03 Drawings/240329 LI/240305_ATR-HOH-EFP-DS-0001-Z1-1001-NEON DREAMS-FIRE ALARM & EMERGENCY LIGHTING.pdf","240305_ATR-HOH-EFP-DS-0001-Z1-1001-NEON DREAMS-FIRE ALARM & EMERGENCY LIGHTING.pdf","23-97110","pdf","6008000","2024-03-05 14:32:02","01","23-97110 HoH Dxb Update"
"/mnt/e/emittiv/emittiv/01 Projects/99 Completed/23-97110 HoH Dxb Update/11 CS/03 Drawings/240329 LI/240305_ATR-HOH-EFP-DS-0001-Z1-1003-HYPEMIND-FIRE ALARM & EMERGENCY LIGHTING LAYOUT.pdf","240305_ATR-HOH-EFP-DS-0001-Z1-1003-HYPEMIND-FIRE ALARM & EMERGENCY LIGHTING LAYOUT.pdf","23-97110","pdf","6877064","2024-03-05 14:25:43","01","23-97110 HoH Dxb Update"
"/mnt/e/emittiv/emittiv/01 Projects/99 Completed/24-96605 Observatory/02 Proposal/24-96605-FP-01 Pricing.xlsx","24-96605-FP-01 Pricing.xlsx","24-96605","xlsx","12015","2024-11-13 15:16:04","01","24-96605 Observatory"
"/mnt/e/emittiv/emittiv/01 Projects/99 Completed/24-96605 Observatory/02 Proposal/24-96605-FP-01.indd","24-96605-FP-01.indd","24-96605","indd","2445312","2024-09-12 13:47:06","01","24-96605 Observatory"
"/mnt/e/emittiv/emittiv/01 Projects/99 Completed/24-96605 Observatory/02 Proposal/24-96605-FP-01.pdf","24-96605-FP-01.pdf","24-96605","pdf","99143","2024-09-12 13:46:46","01","24-96605 Observatory"
"/mnt/e/emittiv/emittiv/01 Projects/99 Completed/24-97105 MAF MiCC Kids/01 Client Info/03 Drawing Issues/240530_100 Schematic Design Submission/0. SD Submission - 240530/4. Drawings-A. Building Services/PH/Detail/PRW-UAE-MICC-WSP-FP-PRW-DET-500801.pdf","PRW-UAE-MICC-WSP-FP-PRW-DET-500801.pdf","24-97105","pdf","835138","2024-05-30 13:11:00","01","24-97105 MAF MiCC Kids"
"/mnt/e/emittiv/emittiv/01 Projects/99 Completed/24-97105 MAF MiCC Kids/01 Client Info/03 Drawing Issues/240530_100 Schematic Design Submission/0. SD Submission - 240530/4. Drawings-A. Building Services/PH/Detail/PRW-UAE-MICC-WSP-FP-PRW-DET-500802.pdf","PRW-UAE-MICC-WSP-FP-PRW-DET-500802.pdf","24-97105","pdf","599417","2024-05-30 13:11:00","01","24-97105 MAF MiCC Kids"
"/mnt/e/emittiv/emittiv/01 Projects/99 Completed/24-97105 MAF MiCC Kids/01 Client Info/03 Drawing Issues/240530_100 Schematic Design Submission/0. SD Submission - 240530/4. Drawings-A. Building Services/PH/Detail/PRW-UAE-MICC-WSP-FP-PRW-DET-500803.pdf","PRW-UAE-MICC-WSP-FP-PRW-DET-500803.pdf","24-97105","pdf","510403","2024-05-30 13:11:00","01","24-97105 MAF MiCC Kids"
"/mnt/e/emittiv/emittiv/01 Projects/99 Completed/24-97105 MAF MiCC Kids/01 Client Info/03 Drawing Issues/240530_100 Schematic Design Submission/0. SD Submission - 240530/4. Drawings-A. Building Services/PH/Detail/PRW-UAE-MICC-WSP-FP-PRW-DET-500991.pdf","PRW-UAE-MICC-WSP-FP-PRW-DET-500991.pdf","24-97105","pdf","419231","2024-05-30 13:11:00","01","24-97105 MAF MiCC Kids"
"/mnt/e/emittiv/emittiv/01 Projects/99 Completed/24-97105 MAF MiCC Kids/01 Client Info/03 Drawing Issues/240530_100 Schematic Design Submission/0. SD Submission - 240530/4. Drawings-A. Building Services/PH/Fire/KID-UAE-MICC-WSP-FP-F01-PLN-535101.pdf","KID-UAE-MICC-WSP-FP-F01-PLN-535101.pdf","24-97105","pdf","988272","2024-05-30 13:11:00","01","24-97105 MAF MiCC Kids"
"/mnt/e/emittiv/emittiv/01 Projects/99 Completed/24-97105 MAF MiCC Kids/01 Client Info/03 Drawing Issues/240530_100 Schematic Design Submission/0. SD Submission - 240530/4. Drawings-A. Building Services/PH/Fire/KID-UAE-MICC-WSP-FP-F01-PLN-535102.pdf","KID-UAE-MICC-WSP-FP-F01-PLN-535102.pdf","24-97105","pdf","2044975","2024-05-30 13:11:00","01","24-97105 MAF MiCC Kids"
"/mnt/e/emittiv/emittiv/01 Projects/99 Completed/24-97105 MAF MiCC Kids/01 Client Info/03 Drawing Issues/240530_100 Schematic Design Submission/0. SD Submission - 240530/4. Drawings-A. Building Services/PH/Fire/KID-UAE-MICC-WSP-FP-ZZ-SCM-535901.pdf","KID-UAE-MICC-WSP-FP-ZZ-SCM-535901.pdf","24-97105","pdf","603035","2024-05-30 13:11:00","01","24-97105 MAF MiCC Kids"
"/mnt/e/emittiv/emittiv/01 Projects/99 Completed/24-97105 MAF MiCC Kids/01 Client Info/03 Drawing Issues/240530_100 Schematic Design Submission/0. SD Submission - 240530/4. Drawings-B. Fire Life Safety/1NHDA15-WSP-FC-600-FP-DWG-670101-A0.pdf","1NHDA15-WSP-FC-600-FP-DWG-670101-A0.pdf","24-97105","pdf","1269728","2024-05-30 15:29:36","01","24-97105 MAF MiCC Kids"
"/mnt/e/emittiv/emittiv/01 Projects/99 Completed/24-97105 MAF MiCC Kids/02 Proposal/24-97105-FP-01 Pricing.xlsx","24-97105-FP-01 Pricing.xlsx","24-97105","xlsx","11873","2024-03-13 10:29:32","01","24-97105 MAF MiCC Kids"
"/mnt/e/emittiv/emittiv/01 Projects/99 Completed/24-97105 MAF MiCC Kids/02 Proposal/24-97105-FP-01.indd","24-97105-FP-01.indd","24-97105","indd","2387968","2024-03-13 10:42:06","01","24-97105 MAF MiCC Kids"
"/mnt/e/emittiv/emittiv/01 Projects/99 Completed/24-97105 MAF MiCC Kids/02 Proposal/24-97105-FP-01.pdf","24-97105-FP-01.pdf","24-97105","pdf","146635","2024-03-13 10:41:04","01","24-97105 MAF MiCC Kids"
"/mnt/e/emittiv/emittiv/01 Projects/99 Completed/24-97113 Level 63/02 Proposal/24-97113-FP-01 Pricing.xlsx","24-97113-FP-01 Pricing.xlsx","24-97113","xlsx","12056","2024-11-13 13:37:09","01","24-97113 Level 63"
"/mnt/e/emittiv/emittiv/01 Projects/99 Completed/24-97113 Level 63/02 Proposal/24-97113-FP-01.indd","24-97113-FP-01.indd","24-97113","indd","2433024","2024-10-14 07:33:05","01","24-97113 Level 63"
"/mnt/e/emittiv/emittiv/01 Projects/99 Completed/24-97113 Level 63/02 Proposal/24-97113-FP-01.pdf","24-97113-FP-01.pdf","24-97113","pdf","103281","2024-10-14 07:37:11","01","24-97113 Level 63"
"/mnt/e/emittiv/emittiv/01 Projects/99 Completed/25-97101 Shanghai Tang/02 Proposal/00 Archive/25-97101-FP-01 Pricing.xlsx","25-97101-FP-01 Pricing.xlsx","25-97101","xlsx","12115","2025-01-27 12:45:09","01","25-97101 Shanghai Tang"
"/mnt/e/emittiv/emittiv/01 Projects/99 Completed/25-97101 Shanghai Tang/02 Proposal/00 Archive/25-97101-FP-01.indd","25-97101-FP-01.indd","25-97101","indd","3039232","2025-01-27 12:49:58","01","25-97101 Shanghai Tang"
"/mnt/e/emittiv/emittiv/01 Projects/99 Completed/25-97101 Shanghai Tang/02 Proposal/00 Archive/25-97101-FP-01.pdf","25-97101-FP-01.pdf","25-97101","pdf","157479","2025-01-27 12:50:36","01","25-97101 Shanghai Tang"
"/mnt/e/emittiv/emittiv/01 Projects/99 Completed/25-97101 Shanghai Tang/02 Proposal/25-97101-FP-02 Pricing.xlsx","25-97101-FP-02 Pricing.xlsx","25-97101","xlsx","11900","2025-02-09 10:32:13","02","25-97101 Shanghai Tang"
"/mnt/e/emittiv/emittiv/01 Projects/99 Completed/25-97101 Shanghai Tang/02 Proposal/25-97101-FP-02.indd","25-97101-FP-02.indd","25-97101","indd","2293760","2025-02-04 06:25:43","02","25-97101 Shanghai Tang"
"/mnt/e/emittiv/emittiv/01 Projects/99 Completed/25-97101 Shanghai Tang/02 Proposal/25-97101-FP-02.pdf","25-97101-FP-02.pdf","25-97101","pdf","102283","2025-02-04 06:26:36","02","25-97101 Shanghai Tang"
